,Page_created,Field,Name,FIRSTNAME,LASTNAME,FULLNAME
%C4%90%C3%A0m_Thanh_S%C6%A1n,2013-02-20,Physics,Dam Thanh Son,Dam,Thanh Son,Dam Thanh Son
%C5%BDeljko_Reiner,2014-09-22,Physiology or Medicine,Zeljko Reiner,Zeljko,Reiner,Zeljko Reiner
Achim_M%C3%BCller,2006-03-04,Chemistry,Achim Muller,Achim,Muller,Achim Muller
Akiko_Iwasaki,2015-03-30,Physiology or Medicine,Akiko Iwasaki,Akiko,Iwasaki,Akiko Iwasaki
Alan_Aderem,2006-10-09,Physiology or Medicine,Alan Aderem,Alan,Aderem,Alan Aderem
Alan_Ashworth,2010-01-28,Physiology or Medicine,Alan Ashworth,Alan,Ashworth,Alan Ashworth
Albert-L%C3%A1szl%C3%B3_Barab%C3%A1si,2006-12-17,Physics,Albert-Laszlo Barabasi,Albert-Laszlo,Barabasi,Albert-Laszlo Barabasi
Albert_Meyers,2005-11-14,Chemistry,Albert Meyers,Albert,Meyers,Albert Meyers
Alex_Bateman,2015-01-17,Biology,Alex Bateman,Alex,Bateman,Alex Bateman
Alex_Zettl,2007-11-05,Physics,Alex Zettl,Alex,Zettl,Alex Zettl
Alexander_Zamolodchikov,2008-10-21,Physics,Alexander Zamolodchikov,Alexander,Zamolodchikov,Alexander Zamolodchikov
Ali_Khademhosseini,2007-05-27,Physics,Ali Khademhosseini,Ali,Khademhosseini,Ali Khademhosseini
Allen_Steere,2007-05-28,Physiology or Medicine,Allen Steere,Allen,Steere,Allen Steere
Amir_Yacoby,2014-04-30,Physics,Amir Yacoby,Amir,Yacoby,Amir Yacoby
Andrei_Shleifer,2005-01-30,Economics,Andrei Shleifer,Andrei,Shleifer,Andrei Shleifer
Andrew_Bernard,2007-05-18,Economics,Andrew Bernard,Andrew,Bernard,Andrew Bernard
Andrew_H._Van_de_Ven,2013-11-11,Economics,Andrew Van de Ven,Andrew,Van de Ven,Andrew Van de Ven
Annarosa_Leri,2015-05-07,Physiology or Medicine,Annarosa Leri,Annarosa,Leri,Annarosa Leri
Anne_O%27Garra,2008-07-20,Physiology or Medicine,Anne O'Garra,Anne,O'Garra,Anne O'Garra
Antonio_Lanzavecchia,2007-04-10,Physiology or Medicine,Antonio Lanzavecchia,Antonio,Lanzavecchia,Antonio Lanzavecchia
Ariel_Rubinstein,2005-03-26,Economics,Ariel Rubinstein,Ariel,Rubinstein,Ariel Rubinstein
Armin_Falk,2010-04-04,Economics,Armin Falk,Armin,Falk,Armin Falk
Arun_Majumdar,2009-09-20,Physics,Arun Majumdar,Arun,Majumdar,Arun Majumdar
Axel_D._Becke,2007-11-10,Chemistry,Axel Becke,Axel,Becke,Axel Becke
Axel_Ullrich,2006-06-03,Physiology or Medicine,Axel Ullrich,Axel,Ullrich,Axel Ullrich
Babak_Hassibi,2006-12-30,Computer Science,Babak Hassibi,Babak,Hassibi,Babak Hassibi
Barry_Everitt,2007-08-13,Physiology or Medicine,Barry Everitt,Barry,Everitt,Barry Everitt
Bengt_R._Holmstr%C3%B6m,2006-09-30,Economics,Bengt Holmstrom,Bengt,Holmstrom,Bengt Holmstrom
Bernhard_Keimer,2014-02-01,Physics,Bernhard Keimer,Bernhard,Keimer,Bernhard Keimer
Bernhard_Keller,2016-04-02,Mathematics,Bernhard Keller,Bernhard,Keller,Bernhard Keller
Beth_Levine_(physician),2012-05-04,Physiology or Medicine,Beth Levine,Beth,Levine,Beth Levine
Birger_Wernerfelt,2007-12-10,Economics,Birger Wernerfelt,Birger,Wernerfelt,Birger Wernerfelt
Biswanath_Mukherjee,2015-02-05,Computer Science,Biswanath Mukherjee,Biswanath,Mukherjee,Biswanath Mukherjee
Bradley_Efron,2006-10-02,Mathematics,Bradley Efron,Bradley,Efron,Bradley Efron
Brigitta_Stockinger,2013-10-11,Physiology or Medicine,Brigitta Stockinger,Brigitta,Stockinger,Brigitta Stockinger
Bruce_D._Walker,2016-03-14,Physiology or Medicine,Bruce D Walker,Bruce,D Walker,Bruce D Walker
C._N._R._Rao,2007-12-30,Chemistry,C N R Rao,C,N R Rao,C N R Rao
Campbell_Harvey,2011-11-28,Economics,Campbell Harvey,Campbell,Harvey,Campbell Harvey
Carlo_La_Vecchia,2009-11-17,Physiology or Medicine,Carlo La Vecchia,Carlo,La Vecchia,Carlo La Vecchia
Cees_Dekker,2007-12-14,Physics,Cees Dekker,Cees,Dekker,Cees Dekker
Charles_M._Lieber,2012-07-10,Physiology or Medicine,Charles Lieber,Charles,Lieber,Charles Lieber
Chen_Guanrong,2014-10-21,Physics,Guanrong Chen,Guanrong,Chen,Guanrong Chen
Chih-Jen_Lin,2016-02-02,Computer Science,Chih-Jen Lin,Chih-Jen,Lin,Chih-Jen Lin
Christoph_Gerber,2008-07-04,Physics,Christoph Gerber,Christoph,Gerber,Christoph Gerber
Cisca_Wijmenga,2015-06-12,Physiology or Medicine,Cisca Wijmenga,Cisca,Wijmenga,Cisca Wijmenga
Claire_Berger,2014-09-27,Physics,Claire Berger,Claire,Berger,Claire Berger
Cumrun_Vafa,2004-05-09,Physics,Cumrun Vafa,Cumrun,Vafa,Cumrun Vafa
Dale_L._Boger,2007-08-22,Chemistry,Dale Boger,Dale,Boger,Dale Boger
Dan_Ariely,2007-01-05,Economics,Dan Ariely,Dan,Ariely,Dan Ariely
Dan_Boneh,2006-10-04,Computer Science,Dan Boneh,Dan,Boneh,Dan Boneh
Dariush_Mozaffarian,2015-07-23,Physiology or Medicine,Dariush Mozaffarian,Dariush,Mozaffarian,Dariush Mozaffarian
Daron_Acemo%C4%9Flu,2009-06-02,Economics,Daron Acemoglu,Daron,Acemoglu,Daron Acemoglu
David_Haussler,2007-04-04,Physiology or Medicine,David Haussler,David,Haussler,David Haussler
David_Milstein,2009-06-03,Chemistry,David Milstein,David,Milstein,David Milstein
Deborah_Estrin,2008-03-09,Computer Science,Deborah Estrin,Deborah,Estrin,Deborah Estrin
Dennis_P._Curran,2015-11-04,Chemistry,Dennis Curran,Dennis,Curran,Dennis Curran
Didier_Astruc,2010-10-04,Chemistry,Didier Astruc,Didier,Astruc,Didier Astruc
Dieter_Enders,2007-03-21,Chemistry,Dieter Enders,Dieter,Enders,Dieter Enders
Dimitri_Nanopoulos,2005-10-06,Physics,Dimitri Nanopoulos,Dimitri,Nanopoulos,Dimitri Nanopoulos
Donal_Bradley,2011-03-01,Physics,Donal Bradley,Donal,Bradley,Donal Bradley
Edward_Glaeser,2005-08-12,Economics,Edward Glaeser,Edward,Glaeser,Edward Glaeser
Edward_Miguel,2011-09-19,Economics,Edward Miguel,Edward,Miguel,Edward Miguel
Edward_Ott,2014-02-16,Physics,Edward Ott,Edward,Ott,Edward Ott
Edward_R._Dougherty,2014-10-06,Computer Science,Edward R Dougherty,Edward,R Dougherty,Edward R Dougherty
Elias_James_Corey,2004-06-01,Chemistry,Elias Corey,Elias,Corey,Elias Corey
Elza_Erkip,2015-03-18,Computer Science,Elza Erkip,Elza,Erkip,Elza Erkip
Eric_Hanushek,2007-08-05,Economics,Eric Hanushek,Eric,Hanushek,Eric Hanushek
Esther_Duflo,2008-04-02,Economics,Esther Duflo,Esther,Duflo,Esther Duflo
Eugene_Braunwald,2006-06-17,Physiology or Medicine,Eugene Braunwald,Eugene,Braunwald,Eugene Braunwald
Ewan_Birney,2006-03-03,Biology,Ewan Birney,Ewan,Birney,Ewan Birney
Federica_Sallusto,2007-04-10,Physiology or Medicine,Federica Sallusto,Federica,Sallusto,Federica Sallusto
Fiona_Powrie,2012-11-12,Physiology or Medicine,Fiona Powrie,Fiona,Powrie,Fiona Powrie
Fran%C3%A7ois_Diederich,2007-02-11,Chemistry,Francois Diederich,Francois,Diederich,Francois Diederich
Frank_Glorius,2014-11-09,Chemistry,Frank Glorius,Frank,Glorius,Frank Glorius
Frank_Neese,2010-08-20,Chemistry,Frank Neese,Frank,Neese,Frank Neese
Frans_Van_de_Werf,2009-03-30,Physiology or Medicine,Frans Van de Werf,Frans,Van de Werf,Frans Van de Werf
G%C3%A1bor_A._Somorjai,2005-08-10,Chemistry,Gabor Somorjai,Gabor,Somorjai,Gabor Somorjai
G%C3%A9rald_Bastard,2011-01-26,Physics,Gerald Bastard,Gerald,Bastard,Gerald Bastard
G%C3%A9rard_F%C3%A9rey,2012-10-27,Chemistry,Gerard Ferey,Gerard,Ferey,Gerard Ferey
George_Davey_Smith,2015-09-14,Physiology or Medicine,George Davey Smith,George,Davey Smith,George Davey Smith
George_Loewenstein,2005-10-23,Economics,George Loewenstein,George,Loewenstein,George Loewenstein
George_Sawatzky,2014-02-05,Physics,George Sawatzky,George,Sawatzky,George Sawatzky
Giorgio_Parisi,2006-10-01,Physics,Giorgio Parisi,Giorgio,Parisi,Giorgio Parisi
Giuseppe_Mingione,2013-05-05,Mathematics,Giuseppe Mingione,Giuseppe,Mingione,Giuseppe Mingione
Gon%C3%A7alo_Abecasis,2013-12-17,Physiology or Medicine,Goncalo R Abecasis,Goncalo,R Abecasis,Goncalo R Abecasis
Graham_Colditz,2009-02-28,Physiology or Medicine,Graham Colditz,Graham,Colditz,Graham Colditz
Graham_Fleming,2009-03-22,Chemistry,Graham Fleming,Graham,Fleming,Graham Fleming
Guido_Imbens,2014-04-20,Economics,Guido Imbens,Guido,Imbens,Guido Imbens
Hans_Clevers,2012-03-15,Physiology or Medicine,Hans Clevers,Hans,Clevers,Hans Clevers
Helmut_Ringsdorf,2005-05-29,Chemistry,Helmut Ringsdorf,Helmut,Ringsdorf,Helmut Ringsdorf
Helmut_Schwarz,2011-01-25,Chemistry,Helmut Schwarz,Helmut,Schwarz,Helmut Schwarz
Heng_Li,2012-03-14,Computer Science,Heng Li,Heng,Li,Heng Li
Henk_Volberda,2013-09-05,Economics,Henk Volberda,Henk,Volberda,Henk Volberda
Henri_Berestycki,2013-03-27,Mathematics,Henri Berestycki,Henri,Berestycki,Henri Berestycki
Henry_Chesbrough,2007-04-24,Economics,Henry Chesbrough,Henry,Chesbrough,Henry Chesbrough
Hongjie_Dai,2007-01-16,Chemistry,Hongjie Dai,Hongjie,Dai,Hongjie Dai
Horst_St%C3%B6cker,2007-02-11,Physics,Horst Stocker,Horst,Stocker,Horst Stocker
Hyeon_Taeghwan,2014-05-22,Chemistry,Taeghwan Hyeon,Taeghwan,Hyeon,Taeghwan Hyeon
Ian_Affleck,2012-09-29,Physics,Ian Affleck,Ian,Affleck,Ian Affleck
Ian_F._Akyildiz,2009-08-12,Computer Science,Ian F Akyildiz,Ian,F Akyildiz,Ian F Akyildiz
Ian_Ford,2010-10-28,Physiology or Medicine,Ian Ford,Ian,Ford,Ian Ford
Idun_Reiten,2009-05-31,Mathematics,Idun Reiten,Idun,Reiten,Idun Reiten
Igor_Jurisica,2016-04-12,Computer Science,Igor Jurisica,Igor,Jurisica,Igor Jurisica
Immanuel_Bloch,2012-11-26,Physics,Immanuel Bloch,Immanuel,Bloch,Immanuel Bloch
Ingrid_Daubechies,2005-01-25,Mathematics,Ingrid Daubechies,Ingrid,Daubechies,Ingrid Daubechies
Ira_Pastan,2007-07-16,Physiology or Medicine,Ira Pastan,Ira,Pastan,Ira Pastan
Irun_Cohen,2005-08-25,Physiology or Medicine,Irun Cohen,Irun,Cohen,Irun Cohen
Ivan_K._Schuller,2015-09-08,Physics,Ivan Schuller,Ivan,Schuller,Ivan Schuller
Jack_Cuzick,2015-09-03,Physiology or Medicine,Jack Cuzick,Jack,Cuzick,Jack Cuzick
James_R._Heath,2007-11-06,Chemistry,James Heath,James,Heath,James Heath
Jean-Louis_Vincent,2014-09-22,Physiology or Medicine,Jean-Louis Vincent,Jean-Louis,Vincent,Jean-Louis Vincent
Jean-Luc_Br%C3%A9das,2006-12-12,Chemistry,Jean-Luc Bredas,Jean-Luc,Bredas,Jean-Luc Bredas
Jean-Marie_Tarascon,2014-12-19,Physics,Jean-Marie Tarascon,Jean-Marie,Tarascon,Jean-Marie Tarascon
Jean-Michel_Sav%C3%A9ant,2009-05-13,Chemistry,Jean-Michel Saveant,Jean-Michel,Saveant,Jean-Michel Saveant
Jean-Pierre_Sauvage,2005-12-02,Chemistry,Jean-Pierre Sauvage,Jean-Pierre,Sauvage,Jean-Pierre Sauvage
Jean_Fr%C3%A9chet,2006-09-28,Chemistry,Jean Frechet,Jean,Frechet,Jean Frechet
Jeffrey_A._Harvey,2004-11-20,Physics,Jeffrey Harvey,Jeffrey,Harvey,Jeffrey Harvey
Jenny_Nelson,2014-05-26,Physics,Jenny Nelson,Jenny,Nelson,Jenny Nelson
Jens_Nielsen,2012-12-10,Biology,Jens Nielsen,Jens,Nielsen,Jens Nielsen
Jerome_Groopman,2007-02-22,Physiology or Medicine,Jerome Groopman,Jerome,Groopman,Jerome Groopman
Jianqing_Fan,2010-08-06,Mathematics,Jianqing Fan,Jianqing,Fan,Jianqing Fan
Jing_Li_(chemist),2008-06-23,Chemistry,Jing Li,Jing,Li,Jing Li
Joan_Massagu%C3%A9_Sol%C3%A9,2012-09-01,Physiology or Medicine,Joan Massague,Joan,Massague,Joan Massague
Joann_E._Manson,2014-09-29,Physiology or Medicine,JoAnn E Manson,JoAnn,E Manson,JoAnn E Manson
John_A._List,2013-11-01,Economics,John A List,John,A List,John A List
John_Danesh,2015-12-15,Physiology or Medicine,John Danesh,John,Danesh,John Danesh
John_Perdew,2010-01-09,Physics,John Perdew,John,Perdew,John Perdew
John_Robertson_(physicist),2014-10-08,Physics,John Robertson,John,Robertson,John Robertson
John_Y._Campbell,2007-10-19,Economics,John Campbell,John,Campbell,John Campbell
Jon_Clardy,2013-05-15,Chemistry,Jon Clardy,Jon,Clardy,Jon Clardy
Jose_Baselga,2007-03-16,Physiology or Medicine,Jose Baselga,Jose,Baselga,Jose Baselga
Joseph_Schlessinger,2007-10-22,Biology,Joseph Schlessinger,Joseph,Schlessinger,Joseph Schlessinger
Joseph_Wang,2008-06-26,Chemistry,Joseph Wang,Joseph,Wang,Joseph Wang
Joshua_Jortner,2007-08-27,Chemistry,Joshua Jortner,Joshua,Jortner,Joshua Jortner
Juan_Mart%C3%ADn_Maldacena,2006-07-17,Physics,Juan Maldacena,Juan,Maldacena,Juan Maldacena
Julian_Birkinshaw,2016-06-03,Economics,Julian Birkinshaw,Julian,Birkinshaw,Julian Birkinshaw
Jun_Ye,2015-11-25,Physics,Jun Ye,Jun,Ye,Jun Ye
K%C3%A1ri_Stef%C3%A1nsson,2006-01-02,Physiology or Medicine,Kari Stefansson,Kari,Stefansson,Kari Stefansson
Keith_Fagnou,2010-03-09,Chemistry,Keith Fagnou,Keith,Fagnou,Keith Fagnou
Keith_Olive,2014-03-19,Physics,Keith Olive,Keith,Olive,Keith Olive
Keith_Usherwood_Ingold,2008-12-18,Chemistry,Keith Ingold,Keith,Ingold,Keith Ingold
Kendall_Houk,2006-03-03,Chemistry,Kendall Houk,Kendall,Houk,Kendall Houk
Kenneth_Kendler,2010-10-25,Physiology or Medicine,Kenneth Kendler,Kenneth,Kendler,Kenneth Kendler
Kim_Kimoon,2013-06-18,Chemistry,Kimoon Kim,Kimoon,Kim,Kimoon Kim
Kun-Liang_Guan,2008-08-05,Physiology or Medicine,Kun-Liang Guan,Kun-Liang,Guan,Kun-Liang Guan
Kurt_Binder,2008-05-04,Physics,Kurt Binder,Kurt,Binder,Kurt Binder
Lars_E._O._Svensson,2007-10-11,Economics,Lars Svensson,Lars,Svensson,Lars Svensson
Leo_Paquette,2007-07-09,Chemistry,Leo Paquette,Leo,Paquette,Leo Paquette
Liao_Shijun,2013-11-02,Mathematics,Shijun Liao,Shijun,Liao,Shijun Liao
Luigi_Zingales,2009-08-23,Economics,Luigi Zingales,Luigi,Zingales,Luigi Zingales
Luis_Oro,2013-01-29,Chemistry,Luis Oro,Luis,Oro,Luis Oro
Lynn_Schneemeyer,2008-02-13,Physics,Lynn Schneemeyer,Lynn,Schneemeyer,Lynn Schneemeyer
Malcolm_Chisholm,2004-02-02,Chemistry,Malcolm Chisholm,Malcolm,Chisholm,Malcolm Chisholm
Malcolm_Green_(chemist),2006-07-02,Chemistry,Malcolm Green,Malcolm,Green,Malcolm Green
Marc_A._Kastner,2007-10-18,Physics,Marc Kastner,Marc,Kastner,Marc Kastner
Marc_Melitz,2009-03-30,Economics,Marc Melitz,Marc,Melitz,Marc Melitz
Marianne_Bertrand,2014-04-23,Economics,Marianne Bertrand,Marianne,Bertrand,Marianne Bertrand
Marlan_Scully,2006-02-09,Physics,Marlan Scully,Marlan,Scully,Marlan Scully
Martin_Eichenbaum,2013-04-23,Economics,Martin Eichenbaum,Martin,Eichenbaum,Martin Eichenbaum
Masaru_Tomita,2006-08-30,Computer Science,Masaru Tomita,Masaru,Tomita,Masaru Tomita
Matja%C5%BE_Perc,2014-10-04,Physics,Matjaz Perc,Matjaz,Perc,Matjaz Perc
Matthias_Egger,2015-05-26,Physiology or Medicine,Matthias Egger,Matthias,Egger,Matthias Egger
Matthias_Mann,2006-10-30,Physiology or Medicine,Matthias Mann,Matthias,Mann,Matthias Mann
Menachem_Elimelech,2006-12-25,Chemistry,Menachem Elimelech,Menachem,Elimelech,Menachem Elimelech
Michael_Boehnke,2013-02-22,Physiology or Medicine,Michael Boehnke,Michael,Boehnke,Michael Boehnke
Michael_F._Lappert,2011-07-20,Chemistry,Michael Lappert,Michael,Lappert,Michael Lappert
Michael_I._Jordan,2005-02-16,Computer Science,Michael I Jordan,Michael,I Jordan,Michael I Jordan
Michael_L._Gross_(chemist),2008-04-10,Chemistry,Michael Gross,Michael,Gross,Michael Gross
Michael_L._Klein,2009-02-21,Chemistry,Michael Klein,Michael,Klein,Michael Klein
Michael_L._Tushman,2015-02-04,Economics,Michael Tushman,Michael,Tushman,Michael Tushman
Michael_Lounsbury,2007-08-09,Economics,Michael Lounsbury,Michael,Lounsbury,Michael Lounsbury
Michal_Lipson,2008-12-04,Physics,Michal Lipson,Michal,Lipson,Michal Lipson
Michele_Parrinello,2011-10-11,Physics,Michele Parrinello,Michele,Parrinello,Michele Parrinello
Mietek_Jaroniec,2013-12-21,Chemistry,Mietek Jaroniec,Mietek,Jaroniec,Mietek Jaroniec
Murray_Brennan,2015-02-04,Physiology or Medicine,Murray Brennan,Murray,Brennan,Murray Brennan
Napoleone_Ferrara,2008-12-22,Physiology or Medicine,Napoleone Ferrara,Napoleone,Ferrara,Napoleone Ferrara
Nathan_Seiberg,2004-05-09,Physics,Nathan Seiberg,Nathan,Seiberg,Nathan Seiberg
Nello_Cristianini,2005-08-29,Computer Science,Nello Cristianini,Nello,Cristianini,Nello Cristianini
Nicholas_Bloom,2014-08-19,Economics,Nicholas Bloom,Nicholas,Bloom,Nicholas Bloom
Nicholas_C._Handy,2007-02-01,Chemistry,Nicholas Handy,Nicholas,Handy,Nicholas Handy
Oded_Schramm,2007-02-20,Mathematics,Oded Schramm,Oded,Schramm,Oded Schramm
Olivier_Blanchard,2009-09-09,Economics,Oliver Blanchard,Oliver,Blanchard,Oliver Blanchard
Pan_Jianwei,2014-09-24,Physics,Jian-Wei Pan,Jian-Wei,Pan,Jian-Wei Pan
Paul_McEuen,2006-08-02,Physics,Paul McEuen,Paul,McEuen,Paul McEuen
Paul_Ridker,2011-10-12,Physiology or Medicine,Paul M Ridker,Paul,M Ridker,Paul M Ridker
Paul_Volberding,2011-07-03,Physiology or Medicine,Paul Volberding,Paul,Volberding,Paul Volberding
Pauline_van_den_Driessche,2015-09-13,Mathematics,Pauline Van Den Driessche,Pauline,Van Den Driessche,Pauline Van Den Driessche
Peer_Bork,2009-07-04,Biology,Peer Bork,Peer,Bork,Peer Bork
Peter_Gavin_Hall,2007-09-07,Mathematics,Peter Gavin Hall,Peter,Gavin Hall,Peter Gavin Hall
Peter_Grassberger,2011-05-17,Physics,Peter Grassberger,Peter,Grassberger,Peter Grassberger
Peter_Kalmus,2013-01-11,Physics,Peter Kalmus,Peter,Kalmus,Peter Kalmus
Peter_Knight_(scientist),2007-01-09,Physics,Peter Knight,Peter,Knight,Peter Knight
Peter_Ozsv%C3%A1th,2006-05-06,Mathematics,Peter Ozsvath,Peter,Ozsvath,Peter Ozsvath
Peter_Reinhard_Hansen,2008-09-23,Economics,Peter Hansen,Peter,Hansen,Peter Hansen
Peter_Sleight,2013-12-06,Physiology or Medicine,Peter Sleight,Peter,Sleight,Peter Sleight
Phaedon_Avouris,2005-07-03,Physics,Phaedon Avouris,Phaedon,Avouris,Phaedon Avouris
Philip_Kim,2010-01-11,Physics,Philip Kim,Philip,Kim,Philip Kim
Rainer_Blatt,2006-05-06,Physics,Rainer Blatt,Rainer,Blatt,Rainer Blatt
Ralph_Nuzzo,2007-03-25,Chemistry,Ralph Nuzzo,Ralph,Nuzzo,Ralph Nuzzo
Ralph_Weissleder,2008-11-24,Physiology or Medicine,Ralph Weissleder,Ralph,Weissleder,Ralph Weissleder
Reinhart_Ahlrichs,2005-08-10,Chemistry,Reinhart Ahlrichs,Reinhart,Ahlrichs,Reinhart Ahlrichs
Richard_H._Holm,2007-10-18,Chemistry,Richard Holm,Richard,Holm,Richard Holm
Richard_Roll,2007-10-10,Economics,Richard Roll,Richard,Roll,Richard Roll
Richard_Wilson_(physicist),2010-12-08,Physics,Richard Wilson,Richard,Wilson,Richard Wilson
Robert_H._Crabtree,2012-04-14,Chemistry,Robert Crabtree,Robert,Crabtree,Robert Crabtree
Robert_J._Birgeneau,2008-11-22,Physics,Robert Birgeneau,Robert,Birgeneau,Robert Birgeneau
Robert_Lusch,2009-10-22,Economics,Robert Lusch,Robert,Lusch,Robert Lusch
Robert_Peter_Gale,2008-06-19,Physiology or Medicine,Robert Gale,Robert,Gale,Robert Gale
Robert_Tibshirani,2011-04-05,Mathematics,Robert Tibshirani,Robert,Tibshirani,Robert Tibshirani
Robert_West_(chemist),2005-10-20,Chemistry,Robert West,Robert,West,Robert West
Roberto_Car,2010-07-02,Physics,Roberto Car,Roberto,Car,Roberto Car
Rodney_J._Bartlett,2006-08-02,Chemistry,Rodney Bartlett,Rodney,Bartlett,Rodney Bartlett
Rolf_Apweiler,2011-06-27,Biology,Rolf Apweiler,Rolf,Apweiler,Rolf Apweiler
Roman_Jackiw,2006-03-11,Physics,Roman Jackiw,Roman,Jackiw,Roman Jackiw
Ronald_Fedkiw,2006-08-20,Computer Science,Ronald Fedkiw,Ronald,Fedkiw,Ronald Fedkiw
Ross_Levine,2010-12-12,Economics,Ross Levine,Ross,Levine,Ross Levine
Rudolf_Grimm,2005-07-17,Physics,Rudolf Grimm,Rudolf,Grimm,Rudolf Grimm
Rudolf_Jaenisch,2006-03-09,Physiology or Medicine,Rudolf Jaenisch,Rudolf,Jaenisch,Rudolf Jaenisch
Ruedi_Aebersold,2006-09-12,Biology,Ruedi Aebersold,Ruedi,Aebersold,Ruedi Aebersold
Ruslan_Medzhitov,2011-10-04,Physiology or Medicine,Ruslan Medzhitov,Ruslan,Medzhitov,Ruslan Medzhitov
Saeid_Abbasbandy,2012-08-30,Mathematics,Saeid Abbasbandy,Saeid,Abbasbandy,Saeid Abbasbandy
Salim_Yusuf,2014-08-20,Physiology or Medicine,Salim Yusuf,Salim,Yusuf,Salim Yusuf
Salvador_Moncada,2005-11-19,Physiology or Medicine,Salvador Moncada,Salvador,Moncada,Salvador Moncada
Samuel_Broder,2006-01-05,Physiology or Medicine,Samuel Broder,Samuel,Broder,Samuel Broder
Sang-Wook_Cheong,2014-03-31,Physics,Sang-Wook Cheong,Sang-Wook,Cheong,Sang-Wook Cheong
Sankar_Das_Sarma,2006-07-08,Physics,Sankar Das Sarma,Sankar,Das Sarma,Sankar Das Sarma
Sendhil_Mullainathan,2004-12-16,Economics,Sendhil Mullainathan,Sendhil,Mullainathan,Sendhil Mullainathan
Sergey_Fomin,2011-09-11,Mathematics,Sergey Fomin,Sergey,Fomin,Sergey Fomin
Sergio_Ferrara,2007-07-15,Physics,Sergio Ferrara,Sergio,Ferrara,Sergio Ferrara
Sharon_Ann_Hunt,2015-02-10,Physiology or Medicine,Sharon Ann Hunt,Sharon,Ann Hunt,Sharon Ann Hunt
Shin%27ichi_Nojiri,2009-12-27,Physics,Shin'Ichi Nojiri,Shin'Ichi,Nojiri,Shin'Ichi Nojiri
Shlomo_Shamai,2011-06-30,Computer Science,Shlomo Shamai,Shlomo,Shamai,Shlomo Shamai
Shuji_Ogino,2014-09-18,Physiology or Medicine,Shuji Ogino,Shuji,Ogino,Shuji Ogino
Siamon_Gordon,2011-12-21,Physiology or Medicine,Siamon Gordon,Siamon,Gordon,Siamon Gordon
Simeon_Djankov,2006-11-19,Economics,Simeon Djankov,Simeon,Djankov,Simeon Djankov
Simon_Johnson_(economist),2009-03-04,Economics,Simon Johnson,Simon,Johnson,Simon Johnson
Simon_White,2008-02-03,Biology,Simon White,Simon,White,Simon White
Spyros_Makridakis,2014-04-19,Economics,Spyros Makridakis,Spyros,Makridakis,Spyros Makridakis
Stefanie_Dimmeler,2010-05-28,Physiology or Medicine,Stefanie Dimmeler,Stefanie,Dimmeler,Stefanie Dimmeler
Stephen_Dunnett,2009-09-02,Physiology or Medicine,Stephen Dunnett,Stephen,Dunnett,Stephen Dunnett
Stephen_J._Lippard,2014-03-19,Chemistry,Stephen Lippard,Stephen,Lippard,Stephen Lippard
Stephen_L._Buchwald,2015-08-10,Chemistry,Stephen Buchwald,Stephen,Buchwald,Stephen Buchwald
Stephen_MacMahon,2012-04-20,Physiology or Medicine,Stephen MacMahon,Stephen,MacMahon,Stephen MacMahon
Stephen_R._Bloom,2015-06-27,Physiology or Medicine,Stephen Bloom,Stephen,Bloom,Stephen Bloom
Stephen_Vargo,2009-10-22,Economics,Stephen Vargo,Stephen,Vargo,Stephen Vargo
Steven_Kaplan_(economist),2007-01-23,Economics,Steven Kaplan,Steven,Kaplan,Steven Kaplan
Stuart_A._Rice,2005-08-02,Chemistry,Stuart Rice,Stuart,Rice,Stuart Rice
Stuart_Parkin,2005-10-10,Physics,Stuart Parkin,Stuart,Parkin,Stuart Parkin
Subir_Sachdev,2009-05-03,Physics,Subir Sachdev,Subir,Sachdev,Subir Sachdev
Subra_Suresh,2009-10-06,Physics,Subra Suresh,Subra,Suresh,Subra Suresh
Tadamitsu_Kishimoto,2006-06-01,Physiology or Medicine,Tadamitsu Kishimoto,Tadamitsu,Kishimoto,Tadamitsu Kishimoto
Tadatsugu_Taniguchi,2013-10-11,Physiology or Medicine,Tadatsugu Taniguchi,Tadatsugu,Taniguchi,Tadatsugu Taniguchi
Takuzo_Aida,2009-03-20,Chemistry,Takuzo Aida,Takuzo,Aida,Takuzo Aida
Tasawar_Hayat,2010-05-08,Mathematics,Tasawar Hayat,Tasawar,Hayat,Tasawar Hayat
Theodore_H._Geballe,2013-08-17,Physics,Theodore Geballe,Theodore,Geballe,Theodore Geballe
Thomas_J.R._Hughes,2008-01-31,Computer Science,Thomas JR Hughes,Thomas,JR Hughes,Thomas JR Hughes
Thomas_Starzl,2005-08-19,Physiology or Medicine,Thomas Starzl,Thomas,Starzl,Thomas Starzl
Tilman_Esslinger,2013-03-24,Physics,Tilman Esslinger,Tilman,Esslinger,Tilman Esslinger
Tim_Bollerslev,2006-10-06,Economics,Tim Bollerslev,Tim,Bollerslev,Tim Bollerslev
Tomas_H%C3%B6kfelt,2008-05-05,Physiology or Medicine,Tomas Hokfelt,Tomas,Hokfelt,Tomas Hokfelt
Trevor_Hastie,2012-04-10,Computer Science,Trevor Hastie,Trevor,Hastie,Trevor Hastie
Ulrike_Malmendier,2012-08-05,Economics,Ulrike Malmendier,Ulrike,Malmendier,Ulrike Malmendier
Uri_Gneezy,2013-08-05,Economics,Uri Gneezy,Uri,Gneezy,Uri Gneezy
Valarie_Zeithaml,2015-08-29,Economics,Valarie Zeithaml,Valarie,Zeithaml,Valarie Zeithaml
Valentin_Fuster,2008-04-29,Physiology or Medicine,Valentin Fuster,Valentin,Fuster,Valentin Fuster
Victor_Dzau,2008-03-08,Physiology or Medicine,Victor Dzau,Victor,Dzau,Victor Dzau
Vincenzo_Balzani,2011-01-25,Chemistry,Vincenzo Balzani,Vincenzo,Balzani,Vincenzo Balzani
Wayne_Fuller,2009-08-27,Economics,Wayne Fuller,Wayne,Fuller,Wayne Fuller
Werner_Hacke,2007-10-26,Physiology or Medicine,Werner Hacke,Werner,Hacke,Werner Hacke
William_Easterly,2006-06-26,Economics,William Easterly,William,Easterly,William Easterly
William_H._Miller_(chemistry),2008-05-18,Chemistry,William Miller,William,Miller,William Miller
Witold_Nazarewicz,2007-08-25,Physics,Witold Nazarewicz,Witold,Nazarewicz,Witold Nazarewicz
Xavier_Gabaix,2009-07-27,Economics,Xavier Gabaix,Xavier,Gabaix,Xavier Gabaix
Yang_Huanming,2015-02-11,Physiology or Medicine,Huanming Yang,Huanming,Yang,Huanming Yang
Younan_Xia,2011-08-02,Physics,Younan Xia,Younan,Xia,Younan Xia
Zolt%C3%A1n_Szab%C3%B3_(mathematician),2007-02-13,Mathematics,Zoltan Szabo,Zoltan,Szabo,Zoltan Szabo
