	Page_created	Field	Name	Award_date
%C4%90%C3%A0m_Thanh_S%C6%A1n	2013-02-20	Physics	Dam Thanh Son	2011-03-25
%C5%BDeljko_Reiner	2014-09-22	Physiology or Medicine	Zeljko Reiner	2010-08-26
Achim_M%C3%BCller	2006-03-04	Chemistry	Achim Muller	2011-02-11
Akiko_Iwasaki	2015-03-30	Physiology or Medicine	Akiko Iwasaki	2011-10-18
Alan_Aderem	2006-10-09	Physiology or Medicine	Alan Aderem	2012-10-02
Alan_Ashworth	2010-01-28	Physiology or Medicine	Alan Ashworth	2013-06-01
Albert-L%C3%A1szl%C3%B3_Barab%C3%A1si	2006-12-17	Physics	Albert-Laszlo Barabasi	2010-05-15
Albert_Meyers	2005-11-14	Chemistry	Albert Meyers	2011-04-20
Alex_Bateman	2015-01-17	Biology	Alex Bateman	2013-08-18
Alex_Zettl	2007-11-05	Physics	Alex Zettl	2014-01-03
Alexander_Zamolodchikov	2008-10-21	Physics	Alexander Zamolodchikov	2010-03-16
Ali_Khademhosseini	2007-05-27	Physics	Ali Khademhosseini	2014-04-06
Allen_Steere	2007-05-28	Physiology or Medicine	Allen Steere	2009-09-12
Amir_Yacoby	2014-04-30	Physics	Amir Yacoby	2011-12-06
Andrei_Shleifer	2005-01-30	Economics	Andrei Shleifer	2008-06-22
Andrew_Bernard	2007-05-18	Economics	Andrew Bernard	2012-02-23
Andrew_H._Van_de_Ven	2013-11-11	Economics	Andrew Van de Ven	2009-10-17
Annarosa_Leri	2015-05-07	Physiology or Medicine	Annarosa Leri	2010-05-23
Anne_O%27Garra	2008-07-20	Physiology or Medicine	Anne O'Garra	2008-11-10
Antonio_Lanzavecchia	2007-04-10	Physiology or Medicine	Antonio Lanzavecchia	2012-08-30
Ariel_Rubinstein	2005-03-26	Economics	Ariel Rubinstein	2011-03-06
Armin_Falk	2010-04-04	Economics	Armin Falk	2010-11-27
Arun_Majumdar	2009-09-20	Physics	Arun Majumdar	2014-04-14
Axel_D._Becke	2007-11-10	Chemistry	Axel Becke	2010-01-13
Axel_Ullrich	2006-06-03	Physiology or Medicine	Axel Ullrich	2014-12-11
Babak_Hassibi	2006-12-30	Computer Science	Babak Hassibi	2013-05-23
Barry_Everitt	2007-08-13	Physiology or Medicine	Barry Everitt	2012-01-05
Bengt_R._Holmstr%C3%B6m	2006-09-30	Economics	Bengt Holmstrom	2011-03-25
Bernhard_Keimer	2014-02-01	Physics	Bernhard Keimer	2014-05-01
Bernhard_Keller	2016-04-02	Mathematics	Bernhard Keller	2012-09-25
Beth_Levine_(physician)	2012-05-04	Physiology or Medicine	Beth Levine	2014-10-13
Birger_Wernerfelt	2007-12-10	Economics	Birger Wernerfelt	2013-03-14
Biswanath_Mukherjee	2015-02-05	Computer Science	Biswanath Mukherjee	2009-10-06
Bradley_Efron	2006-10-02	Mathematics	Bradley Efron	2008-05-04
Brigitta_Stockinger	2013-10-11	Physiology or Medicine	Brigitta Stockinger	2014-05-28
Bruce_D._Walker	2016-03-14	Physiology or Medicine	Bruce D Walker	2015-10-03
C._N._R._Rao	2007-12-30	Chemistry	C N R Rao	2012-03-11
Campbell_Harvey	2011-11-28	Economics	Campbell Harvey	2009-12-10
Carlo_La_Vecchia	2009-11-17	Physiology or Medicine	Carlo La Vecchia	2011-06-23
Cees_Dekker	2007-12-14	Physics	Cees Dekker	2011-09-10
Charles_M._Lieber	2012-07-10	Physiology or Medicine	Charles Lieber	2012-07-23
Chen_Guanrong	2014-10-21	Physics	Guanrong Chen	2011-08-11
Chih-Jen_Lin	2016-02-02	Computer Science	Chih-Jen Lin	2013-07-17
Christoph_Gerber	2008-07-04	Physics	Christoph Gerber	2014-07-24
Cisca_Wijmenga	2015-06-12	Physiology or Medicine	Cisca Wijmenga	2011-10-07
Claire_Berger	2014-09-27	Physics	Claire Berger	2009-02-04
Cumrun_Vafa	2004-05-09	Physics	Cumrun Vafa	2011-09-14
Dale_L._Boger	2007-08-22	Chemistry	Dale Boger	2009-10-22
Dan_Ariely	2007-01-05	Economics	Dan Ariely	2014-07-17
Dan_Boneh	2006-10-04	Computer Science	Dan Boneh	2009-08-18
Dariush_Mozaffarian	2015-07-23	Physiology or Medicine	Dariush Mozaffarian	2014-03-18
Daron_Acemo%C4%9Flu	2009-06-02	Economics	Daron Acemoglu	2013-07-21
David_Haussler	2007-04-04	Physiology or Medicine	David Haussler	2011-01-15
David_Milstein	2009-06-03	Chemistry	David Milstein	2010-11-10
Deborah_Estrin	2008-03-09	Computer Science	Deborah Estrin	2014-01-18
Dennis_P._Curran	2015-11-04	Chemistry	Dennis Curran	2011-08-05
Didier_Astruc	2010-10-04	Chemistry	Didier Astruc	2011-01-30
Dieter_Enders	2007-03-21	Chemistry	Dieter Enders	2012-07-05
Dimitri_Nanopoulos	2005-10-06	Physics	Dimitri Nanopoulos	2009-12-02
Donal_Bradley	2011-03-01	Physics	Donal Bradley	2014-08-26
Edward_Glaeser	2005-08-12	Economics	Edward Glaeser	2015-06-19
Edward_Miguel	2011-09-19	Economics	Edward Miguel	2014-11-16
Edward_Ott	2014-02-16	Physics	Edward Ott	2010-04-28
Edward_R._Dougherty	2014-10-06	Computer Science	Edward R Dougherty	2014-07-05
Elias_James_Corey	2004-06-01	Chemistry	Elias Corey	2015-06-05
Elza_Erkip	2015-03-18	Computer Science	Elza Erkip	2015-10-02
Eric_Hanushek	2007-08-05	Economics	Eric Hanushek	2010-05-03
Esther_Duflo	2008-04-02	Economics	Esther Duflo	2012-10-07
Eugene_Braunwald	2006-06-17	Physiology or Medicine	Eugene Braunwald	2012-08-27
Ewan_Birney	2006-03-03	Biology	Ewan Birney	2008-07-31
Federica_Sallusto	2007-04-10	Physiology or Medicine	Federica Sallusto	2015-05-13
Fiona_Powrie	2012-11-12	Physiology or Medicine	Fiona Powrie	2011-07-09
Fran%C3%A7ois_Diederich	2007-02-11	Chemistry	Francois Diederich	2008-04-24
Frank_Glorius	2014-11-09	Chemistry	Frank Glorius	2011-10-19
Frank_Neese	2010-08-20	Chemistry	Frank Neese	2013-05-09
Frans_Van_de_Werf	2009-03-30	Physiology or Medicine	Frans Van de Werf	2009-09-13
G%C3%A1bor_A._Somorjai	2005-08-10	Chemistry	Gabor Somorjai	2014-01-01
G%C3%A9rald_Bastard	2011-01-26	Physics	Gerald Bastard	2010-07-15
G%C3%A9rard_F%C3%A9rey	2012-10-27	Chemistry	Gerard Ferey	2015-04-11
George_Davey_Smith	2015-09-14	Physiology or Medicine	George Davey Smith	2013-11-10
George_Loewenstein	2005-10-23	Economics	George Loewenstein	2013-01-06
George_Sawatzky	2014-02-05	Physics	George Sawatzky	2011-06-05
Giorgio_Parisi	2006-10-01	Physics	Giorgio Parisi	2015-07-23
Giuseppe_Mingione	2013-05-05	Mathematics	Giuseppe Mingione	2011-02-10
Gon%C3%A7alo_Abecasis	2013-12-17	Physiology or Medicine	Goncalo R Abecasis	2008-07-14
Graham_Colditz	2009-02-28	Physiology or Medicine	Graham Colditz	2014-08-06
Graham_Fleming	2009-03-22	Chemistry	Graham Fleming	2009-04-04
Guido_Imbens	2014-04-20	Economics	Guido Imbens	2012-10-25
Hans_Clevers	2012-03-15	Physiology or Medicine	Hans Clevers	2009-02-14
Helmut_Ringsdorf	2005-05-29	Chemistry	Helmut Ringsdorf	2011-10-13
Helmut_Schwarz	2011-01-25	Chemistry	Helmut Schwarz	2010-09-09
Heng_Li	2012-03-14	Computer Science	Heng Li	2008-09-26
Henk_Volberda	2013-09-05	Economics	Henk Volberda	2014-03-13
Henri_Berestycki	2013-03-27	Mathematics	Henri Berestycki	2014-07-18
Henry_Chesbrough	2007-04-24	Economics	Henry Chesbrough	2008-10-23
Hongjie_Dai	2007-01-16	Chemistry	Hongjie Dai	2011-03-19
Horst_St%C3%B6cker	2007-02-11	Physics	Horst Stocker	2010-11-01
Hyeon_Taeghwan	2014-05-22	Chemistry	Taeghwan Hyeon	2015-04-17
Ian_Affleck	2012-09-29	Physics	Ian Affleck	2014-03-22
Ian_F._Akyildiz	2009-08-12	Computer Science	Ian F Akyildiz	2013-08-26
Ian_Ford	2010-10-28	Physiology or Medicine	Ian Ford	2012-07-23
Idun_Reiten	2009-05-31	Mathematics	Idun Reiten	2015-03-17
Igor_Jurisica	2016-04-12	Computer Science	Igor Jurisica	2010-05-15
Immanuel_Bloch	2012-11-26	Physics	Immanuel Bloch	2015-09-02
Ingrid_Daubechies	2005-01-25	Mathematics	Ingrid Daubechies	2013-10-25
Ira_Pastan	2007-07-16	Physiology or Medicine	Ira Pastan	2011-03-23
Irun_Cohen	2005-08-25	Physiology or Medicine	Irun Cohen	2008-10-27
Ivan_K._Schuller	2015-09-08	Physics	Ivan Schuller	2008-08-05
Jack_Cuzick	2015-09-03	Physiology or Medicine	Jack Cuzick	2011-06-10
James_R._Heath	2007-11-06	Chemistry	James Heath	2009-08-16
Jean-Louis_Vincent	2014-09-22	Physiology or Medicine	Jean-Louis Vincent	2011-08-16
Jean-Luc_Br%C3%A9das	2006-12-12	Chemistry	Jean-Luc Bredas	2011-11-04
Jean-Marie_Tarascon	2014-12-19	Physics	Jean-Marie Tarascon	2012-10-05
Jean-Michel_Sav%C3%A9ant	2009-05-13	Chemistry	Jean-Michel Saveant	2011-06-06
Jean-Pierre_Sauvage	2005-12-02	Chemistry	Jean-Pierre Sauvage	2008-10-26
Jean_Fr%C3%A9chet	2006-09-28	Chemistry	Jean Frechet	2012-03-09
Jeffrey_A._Harvey	2004-11-20	Physics	Jeffrey Harvey	2013-03-07
Jenny_Nelson	2014-05-26	Physics	Jenny Nelson	2011-01-20
Jens_Nielsen	2012-12-10	Biology	Jens Nielsen	2012-06-27
Jerome_Groopman	2007-02-22	Physiology or Medicine	Jerome Groopman	2008-05-19
Jianqing_Fan	2010-08-06	Mathematics	Jianqing Fan	2011-12-31
Jing_Li_(chemist)	2008-06-23	Chemistry	Jing Li	2010-04-29
Joan_Massagu%C3%A9_Sol%C3%A9	2012-09-01	Physiology or Medicine	Joan Massague	2008-05-22
Joann_E._Manson	2014-09-29	Physiology or Medicine	JoAnn E Manson	2009-04-14
John_A._List	2013-11-01	Economics	John A List	2010-01-08
John_Danesh	2015-12-15	Physiology or Medicine	John Danesh	2008-05-29
John_Perdew	2010-01-09	Physics	John Perdew	2011-11-20
John_Robertson_(physicist)	2014-10-08	Physics	John Robertson	2013-05-22
John_Y._Campbell	2007-10-19	Economics	John Campbell	2014-04-27
Jon_Clardy	2013-05-15	Chemistry	Jon Clardy	2013-06-09
Jose_Baselga	2007-03-16	Physiology or Medicine	Jose Baselga	2010-05-21
Joseph_Schlessinger	2007-10-22	Biology	Joseph Schlessinger	2014-05-12
Joseph_Wang	2008-06-26	Chemistry	Joseph Wang	2009-12-09
Joshua_Jortner	2007-08-27	Chemistry	Joshua Jortner	2012-05-23
Juan_Mart%C3%ADn_Maldacena	2006-07-17	Physics	Juan Maldacena	2015-02-21
Julian_Birkinshaw	2016-06-03	Economics	Julian Birkinshaw	2010-10-19
Jun_Ye	2015-11-25	Physics	Jun Ye	2009-04-05
K%C3%A1ri_Stef%C3%A1nsson	2006-01-02	Physiology or Medicine	Kari Stefansson	2013-03-11
Keith_Fagnou	2010-03-09	Chemistry	Keith Fagnou	2008-04-27
Keith_Olive	2014-03-19	Physics	Keith Olive	2015-05-18
Keith_Usherwood_Ingold	2008-12-18	Chemistry	Keith Ingold	2010-03-12
Kendall_Houk	2006-03-03	Chemistry	Kendall Houk	2015-03-16
Kenneth_Kendler	2010-10-25	Physiology or Medicine	Kenneth Kendler	2014-09-17
Kim_Kimoon	2013-06-18	Chemistry	Kimoon Kim	2010-08-18
Kun-Liang_Guan	2008-08-05	Physiology or Medicine	Kun-Liang Guan	2009-11-02
Kurt_Binder	2008-05-04	Physics	Kurt Binder	2014-09-15
Lars_E._O._Svensson	2007-10-11	Economics	Lars Svensson	2009-07-10
Leo_Paquette	2007-07-09	Chemistry	Leo Paquette	2010-05-19
Liao_Shijun	2013-11-02	Mathematics	Shijun Liao	2011-02-15
Luigi_Zingales	2009-08-23	Economics	Luigi Zingales	2012-08-18
Luis_Oro	2013-01-29	Chemistry	Luis Oro	2013-12-06
Lynn_Schneemeyer	2008-02-13	Physics	Lynn Schneemeyer	2011-01-19
Malcolm_Chisholm	2004-02-02	Chemistry	Malcolm Chisholm	2013-03-19
Malcolm_Green_(chemist)	2006-07-02	Chemistry	Malcolm Green	2010-03-08
Marc_A._Kastner	2007-10-18	Physics	Marc Kastner	2010-07-17
Marc_Melitz	2009-03-30	Economics	Marc Melitz	2013-01-25
Marianne_Bertrand	2014-04-23	Economics	Marianne Bertrand	2011-05-30
Marlan_Scully	2006-02-09	Physics	Marlan Scully	2011-07-11
Martin_Eichenbaum	2013-04-23	Economics	Martin Eichenbaum	2010-08-22
Masaru_Tomita	2006-08-30	Computer Science	Masaru Tomita	2009-12-07
Matja%C5%BE_Perc	2014-10-04	Physics	Matjaz Perc	2008-06-06
Matthias_Egger	2015-05-26	Physiology or Medicine	Matthias Egger	2010-12-15
Matthias_Mann	2006-10-30	Physiology or Medicine	Matthias Mann	2010-06-16
Menachem_Elimelech	2006-12-25	Chemistry	Menachem Elimelech	2013-09-25
Michael_Boehnke	2013-02-22	Physiology or Medicine	Michael Boehnke	2013-10-18
Michael_F._Lappert	2011-07-20	Chemistry	Michael Lappert	2010-03-07
Michael_I._Jordan	2005-02-16	Computer Science	Michael I Jordan	2009-06-16
Michael_L._Gross_(chemist)	2008-04-10	Chemistry	Michael Gross	2013-02-26
Michael_L._Klein	2009-02-21	Chemistry	Michael Klein	2009-08-14
Michael_L._Tushman	2015-02-04	Economics	Michael Tushman	2010-11-14
Michael_Lounsbury	2007-08-09	Economics	Michael Lounsbury	2008-09-28
Michal_Lipson	2008-12-04	Physics	Michal Lipson	2013-05-24
Michele_Parrinello	2011-10-11	Physics	Michele Parrinello	2011-12-20
Mietek_Jaroniec	2013-12-21	Chemistry	Mietek Jaroniec	2014-04-22
Murray_Brennan	2015-02-04	Physiology or Medicine	Murray Brennan	2014-10-08
Napoleone_Ferrara	2008-12-22	Physiology or Medicine	Napoleone Ferrara	2010-03-08
Nathan_Seiberg	2004-05-09	Physics	Nathan Seiberg	2011-08-02
Nello_Cristianini	2005-08-29	Computer Science	Nello Cristianini	2009-05-25
Nicholas_Bloom	2014-08-19	Economics	Nicholas Bloom	2011-01-25
Nicholas_C._Handy	2007-02-01	Chemistry	Nicholas Handy	2010-06-27
Oded_Schramm	2007-02-20	Mathematics	Oded Schramm	2009-05-30
Olivier_Blanchard	2009-09-09	Economics	Oliver Blanchard	2010-06-03
Pan_Jianwei	2014-09-24	Physics	Jian-Wei Pan	2013-10-12
Paul_McEuen	2006-08-02	Physics	Paul McEuen	2012-10-08
Paul_Ridker	2011-10-12	Physiology or Medicine	Paul M Ridker	2013-07-23
Paul_Volberding	2011-07-03	Physiology or Medicine	Paul Volberding	2013-11-24
Pauline_van_den_Driessche	2015-09-13	Mathematics	Pauline Van Den Driessche	2013-12-25
Peer_Bork	2009-07-04	Biology	Peer Bork	2010-07-01
Peter_Gavin_Hall	2007-09-07	Mathematics	Peter Gavin Hall	2012-06-29
Peter_Grassberger	2011-05-17	Physics	Peter Grassberger	2012-06-03
Peter_Kalmus	2013-01-11	Physics	Peter Kalmus	2013-04-01
Peter_Knight_(scientist)	2007-01-09	Physics	Peter Knight	2012-11-28
Peter_Ozsv%C3%A1th	2006-05-06	Mathematics	Peter Ozsvath	2008-06-11
Peter_Reinhard_Hansen	2008-09-23	Economics	Peter Hansen	2008-10-23
Peter_Sleight	2013-12-06	Physiology or Medicine	Peter Sleight	2009-05-28
Phaedon_Avouris	2005-07-03	Physics	Phaedon Avouris	2015-01-21
Philip_Kim	2010-01-11	Physics	Philip Kim	2013-05-01
Rainer_Blatt	2006-05-06	Physics	Rainer Blatt	2010-09-22
Ralph_Nuzzo	2007-03-25	Chemistry	Ralph Nuzzo	2015-04-16
Ralph_Weissleder	2008-11-24	Physiology or Medicine	Ralph Weissleder	2010-10-04
Reinhart_Ahlrichs	2005-08-10	Chemistry	Reinhart Ahlrichs	2011-09-09
Richard_H._Holm	2007-10-18	Chemistry	Richard Holm	2013-07-16
Richard_Roll	2007-10-10	Economics	Richard Roll	2010-09-12
Richard_Wilson_(physicist)	2010-12-08	Physics	Richard Wilson	2015-09-11
Robert_H._Crabtree	2012-04-14	Chemistry	Robert Crabtree	2008-04-23
Robert_J._Birgeneau	2008-11-22	Physics	Robert Birgeneau	2010-09-24
Robert_Lusch	2009-10-22	Economics	Robert Lusch	2008-09-08
Robert_Peter_Gale	2008-06-19	Physiology or Medicine	Robert Gale	2010-10-22
Robert_Tibshirani	2011-04-05	Mathematics	Robert Tibshirani	2010-08-01
Robert_West_(chemist)	2005-10-20	Chemistry	Robert West	2014-08-19
Roberto_Car	2010-07-02	Physics	Roberto Car	2008-07-08
Rodney_J._Bartlett	2006-08-02	Chemistry	Rodney Bartlett	2012-07-19
Rolf_Apweiler	2011-06-27	Biology	Rolf Apweiler	2015-09-09
Roman_Jackiw	2006-03-11	Physics	Roman Jackiw	2012-08-10
Ronald_Fedkiw	2006-08-20	Computer Science	Ronald Fedkiw	2012-03-12
Ross_Levine	2010-12-12	Economics	Ross Levine	2010-10-29
Rudolf_Grimm	2005-07-17	Physics	Rudolf Grimm	2008-09-24
Rudolf_Jaenisch	2006-03-09	Physiology or Medicine	Rudolf Jaenisch	2009-04-19
Ruedi_Aebersold	2006-09-12	Biology	Ruedi Aebersold	2012-06-30
Ruslan_Medzhitov	2011-10-04	Physiology or Medicine	Ruslan Medzhitov	2013-10-22
Saeid_Abbasbandy	2012-08-30	Mathematics	Saeid Abbasbandy	2015-07-05
Salim_Yusuf	2014-08-20	Physiology or Medicine	Salim Yusuf	2014-01-29
Salvador_Moncada	2005-11-19	Physiology or Medicine	Salvador Moncada	2013-04-24
Samuel_Broder	2006-01-05	Physiology or Medicine	Samuel Broder	2015-01-04
Sang-Wook_Cheong	2014-03-31	Physics	Sang-Wook Cheong	2013-04-26
Sankar_Das_Sarma	2006-07-08	Physics	Sankar Das Sarma	2008-09-26
Sendhil_Mullainathan	2004-12-16	Economics	Sendhil Mullainathan	2009-12-31
Sergey_Fomin	2011-09-11	Mathematics	Sergey Fomin	2010-02-01
Sergio_Ferrara	2007-07-15	Physics	Sergio Ferrara	2014-06-07
Sharon_Ann_Hunt	2015-02-10	Physiology or Medicine	Sharon Ann Hunt	2008-09-12
Shin%27ichi_Nojiri	2009-12-27	Physics	Shin'Ichi Nojiri	2011-01-15
Shlomo_Shamai	2011-06-30	Computer Science	Shlomo Shamai	2013-07-28
Shuji_Ogino	2014-09-18	Physiology or Medicine	Shuji Ogino	2013-01-28
Siamon_Gordon	2011-12-21	Physiology or Medicine	Siamon Gordon	2015-04-17
Simeon_Djankov	2006-11-19	Economics	Simeon Djankov	2011-11-11
Simon_Johnson_(economist)	2009-03-04	Economics	Simon Johnson	2012-03-11
Simon_White	2008-02-03	Biology	Simon White	2012-04-07
Spyros_Makridakis	2014-04-19	Economics	Spyros Makridakis	2011-08-14
Stefanie_Dimmeler	2010-05-28	Physiology or Medicine	Stefanie Dimmeler	2015-02-01
Stephen_Dunnett	2009-09-02	Physiology or Medicine	Stephen Dunnett	2012-04-24
Stephen_J._Lippard	2014-03-19	Chemistry	Stephen Lippard	2010-07-07
Stephen_L._Buchwald	2015-08-10	Chemistry	Stephen Buchwald	2009-02-19
Stephen_MacMahon	2012-04-20	Physiology or Medicine	Stephen MacMahon	2008-08-10
Stephen_R._Bloom	2015-06-27	Physiology or Medicine	Stephen Bloom	2008-09-26
Stephen_Vargo	2009-10-22	Economics	Stephen Vargo	2014-01-26
Steven_Kaplan_(economist)	2007-01-23	Economics	Steven Kaplan	2011-07-12
Stuart_A._Rice	2005-08-02	Chemistry	Stuart Rice	2011-07-23
Stuart_Parkin	2005-10-10	Physics	Stuart Parkin	2011-04-27
Subir_Sachdev	2009-05-03	Physics	Subir Sachdev	2008-07-07
Subra_Suresh	2009-10-06	Physics	Subra Suresh	2013-02-28
Tadamitsu_Kishimoto	2006-06-01	Physiology or Medicine	Tadamitsu Kishimoto	2013-04-12
Tadatsugu_Taniguchi	2013-10-11	Physiology or Medicine	Tadatsugu Taniguchi	2014-06-16
Takuzo_Aida	2009-03-20	Chemistry	Takuzo Aida	2015-05-27
Tasawar_Hayat	2010-05-08	Mathematics	Tasawar Hayat	2014-12-01
Theodore_H._Geballe	2013-08-17	Physics	Theodore Geballe	2013-01-14
Thomas_J.R._Hughes	2008-01-31	Computer Science	Thomas JR Hughes	2013-01-28
Thomas_Starzl	2005-08-19	Physiology or Medicine	Thomas Starzl	2009-06-14
Tilman_Esslinger	2013-03-24	Physics	Tilman Esslinger	2008-08-29
Tim_Bollerslev	2006-10-06	Economics	Tim Bollerslev	2014-07-24
Tomas_H%C3%B6kfelt	2008-05-05	Physiology or Medicine	Tomas Hokfelt	2011-02-15
Trevor_Hastie	2012-04-10	Computer Science	Trevor Hastie	2013-03-05
Ulrike_Malmendier	2012-08-05	Economics	Ulrike Malmendier	2008-08-12
Uri_Gneezy	2013-08-05	Economics	Uri Gneezy	2008-12-24
Valarie_Zeithaml	2015-08-29	Economics	Valarie Zeithaml	2015-08-17
Valentin_Fuster	2008-04-29	Physiology or Medicine	Valentin Fuster	2012-01-11
Victor_Dzau	2008-03-08	Physiology or Medicine	Victor Dzau	2008-08-27
Vincenzo_Balzani	2011-01-25	Chemistry	Vincenzo Balzani	2014-03-25
Wayne_Fuller	2009-08-27	Economics	Wayne Fuller	2015-09-25
Werner_Hacke	2007-10-26	Physiology or Medicine	Werner Hacke	2008-05-23
William_Easterly	2006-06-26	Economics	William Easterly	2012-07-16
William_H._Miller_(chemistry)	2008-05-18	Chemistry	William Miller	2010-07-28
Witold_Nazarewicz	2007-08-25	Physics	Witold Nazarewicz	2013-10-07
Xavier_Gabaix	2009-07-27	Economics	Xavier Gabaix	2010-10-19
Yang_Huanming	2015-02-11	Physiology or Medicine	Huanming Yang	2012-04-12
Younan_Xia	2011-08-02	Physics	Younan Xia	2010-12-10
Zolt%C3%A1n_Szab%C3%B3_(mathematician)	2007-02-13	Mathematics	Zoltan Szabo	2008-11-08
